Workbook

Sheet OBSERVACIÓN
A1: OBSERVACIÓN SOT
A2: Rechazada | B2: FECHA | C2: NÚMERO | D2: FACTUR. | F2: 150 MB CLARO TV AVANZADO | G2: 125
A3: Reasignación | B3: 45474 | C3: 45474 | D3: 45476 | F3: 150 MB CLARO TV AVANZADO 1000 | G3: 126
A4: En ejecución | B4: 45475 | C4: 45475 | D4: 45476 | F4: 150 MB HD TV AVANZADO | G4: 125
A5: Atendida | B5: 45476 | C5: 45476 | D5: 45477 | F5: 150 MB TELEFONIA 1000 | G5: 66
B6: 45477 | C6: 45477 | D6: 45478 | F6: 150 MB TELEFONIA 5000 | G6: 70
B7: 45478 | C7: 45478 | D7: 45479 | F7: 150 MB TV AVANZADO PRO | G7: 150
B8: 45479 | C8: 45479 | D8: 45481 | F8: 150 MB TV AVANZADO PRO 5000 | G8: 155
B9: 45480 | C9: 45480 | D9: 45481 | F9: 300 MB CLARO TV AVANZADO | G9: 135
B10: 45481 | C10: 45481 | D10: 45482 | F10: 300 MB HD TV AVANZADO 1000 | G10: 136
B11: 45482 | C11: 45482 | D11: 45484 | F11: 300 MB TELEFONIA 1000 | G11: 76
A12: OBSERVACIÓN AUDIO | B12: 45483 | C12: 45483 | D12: 45484 | F12: 300 MB TV AVANZADO PRO | G12: 160
A13: Conforme | B13: 45484 | C13: 45484 | D13: 45485 | F13: 400 MB HD TV AVANZADO | G13: 145
A14: Observado | B14: 45485 | C14: 45485 | D14: 45487 | F14: 400 MB TELEFONIA 1000 | G14: 86
B15: 45486 | C15: 45486 | D15: 45487 | F15: 400 MB TV AVANZADO PRO | G15: 170
B16: 45487 | C16: 45487 | D16: 45489 | F16: FTTH EMP DIG 150MB | G16: 65
B17: 45488 | C17: 45488 | D17: 45489 | F17: FTTH EMP DIG 150MB TELEFONIA 1000 | G17: 66
B18: 45489 | C18: 45489 | D18: 45491 | F18: FTTH EMP DIG 150MB TV AVANZADO | G18: 125
A19: PAGOS | B19: 45490 | C19: 45490 | D19: 45491 | F19: FTTH EMP DIG 150MB TV AVANZADO PRO | G19: 150
A20: ü | B20: 45491 | C20: 45491 | D20: 45492 | F20: FTTH EMP DIG 300MB | G20: 75
B21: 45492 | C21: 45492 | D21: 45493 | F21: FTTH EMP DIG 300MB TV AVANZADO | G21: 135
B22: 45493 | C22: 45493 | D22: 45495 | F22: FTTH EMP DIG 300MB TV AVANZADO PRO | G22: 160
B23: 45494 | C23: 45494 | D23: 45495 | F23: HFC EMP DIG 150MB | G23: 65
A24: M | B24: 45495 | C24: 45495 | D24: 45497 | F24: HFC EMP DIG 150MB HDTV AVANZADO | G24: 125
A25: F | B25: 45496 | C25: 45496 | D25: 45497 | F25: HFC EMP DIG 150MB TELEFONIA 1000 | G25: 66
B26: 45497 | C26: 45497 | D26: 45498 | F26: HFC EMP DIG 300MB | G26: 75
A27: CORPORATIVO | B27: 45498 | C27: 45498 | D27: 45499 | F27: INTERNET 1000MB | G27: 145
A28: MASIVO | B28: 45499 | C28: 45499 | D28: 45501 | F28: INTERNET 150MB | G28: 65
B29: 45500 | C29: 45500 | D29: 45501 | F29: INTERNET 300MB | G29: 75
B30: 45501 | C30: 45501 | D30: 45505 | F30: INTERNET 400MB | G30: 85
A31: CALL | B31: 45502 | C31: 45502 | D31: 45505 | F31: HFC EMP DIG 150MB TELEFONIA 5000 | G31: 70
A32: CAMPO | B32: 45503 | C32: 45503 | D32: 45505 | F32: 300 MB TELEFONIA 5000 | G32: 80
B33: 45504 | C33: 45504 | D33: 45505 | F33: FTTH EMP DIG 300MB TV AVANZADO PRO | G33: 160
B34: 45505 | C34: 45505 | D34: 45507 | F34: 300 MB TV AVANZADO PRO 5000 | G34: 165
B35: 45506 | C35: 45506 | D35: 45507 | F35: 300 MB TELEFONIA 5000 | G35: 80
B36: 45507 | C36: 45507 | D36: 45508 | F36: FTTH EMP DIG 150MB TELEFONIA 5000 | G36: 70
B37: 45508 | C37: 45508 | D37: 45509 | F37: HFC EMP DIG 300MB TV AVANZADO PRO | G37: 160
B38: 45509 | C38: 45509 | D38: 45510 | F38: 400 MB TV AVANZADO PRO | G38: 170
B39: 45510 | C39: 45510 | D39: 45512 | F39: FTTH EMP DIG 300MB TV AVANZADO PRO 5000 | G39: 165
B40: 45511 | C40: 45511 | D40: 45512 | F40: 150 MB TV ESTANDAR PRO | G40: 150
B41: 45512 | C41: 45512 | D41: 45513 | F41: FTTH EMP DIG 300MB TV ESTANDAR PRO | G41: 160
B42: 45513 | C42: 45513 | D42: 45515 | F42: 800 MB TV AVANZADO PRO | G42: 185
B43: 45514 | C43: 45514 | D43: 45515 | F43: 400 MB TV ESTANDAR PRO 5000 | G43: 170
B44: 45515 | C44: 45515 | D44: 45516 | F44: 300 MB TV ESTANDAR PRO | G44: 160
... B46: 45517 | C46: 45517 | D46: 45518 | F46: 800 MB TELEFONIA 5000 | G46: 105
B47: 45518 | C47: 45518 | D47: 45520
B48: 45519 | C48: 45519 | D48: 45520
B49: 45520 | C49: 45520 | D49: 45522
B50: 45521 | C50: 45521 | D50: 45522
B51: 45522 | C51: 45522 | D51: 45523
B52: 45523 | C52: 45523 | D52: 45524
B53: 45524 | C53: 45524 | D53: 45526
B54: 45525 | C54: 45525 | D54: 45526
B55: 45526 | C55: 45526 | D55: 45528
B56: 45527 | C56: 45527 | D56: 45528
B57: 45528 | C57: 45528 | D57: 45529
B58: 45529 | C58: 45529 | D58: 45530
... B186: 45657 | C186: 45657 | D186: 45658
B440: 10257886056 | G440: FTTH EMP DIG 300MB TV AVANZADO PRO

Sheet BASE DE VENTAS
A1: ITEM | B1: DNI/RUC | C1: CLIENTE | D1: SEC | E1: SOT | F1: TIPO | G1: TECN. | H1: PLAN | I1: C.FIJO | J1: SCORE | K1: COMEN | L1: EST.SOT | M1: FECHAINST. | N1: EST.AUDIO | O1: AUDIO | P1: SUBIDA | Q1: SUPERV | R1: ASESOR | S1: FECHAVENTA | T1: MES | U1: MES INST. | V1: CELULAR | W1: C.PAGO | X1: AÑO | Y1: AÑO INST. | Z1: DEPARTAMENTO | AA1: GÉNERO | AB1: MODALIDAD
A2: 1 | B2: 16654035 | C2: GLADYS VILLALOBOS AYALA | D2: 85276789 | E2: 72113719 | F2: MASIVO | G2: FTTH | H2: INTERNET 150MB | I2: =IFERROR(VLOOKUP(H2,OBSERVACIÓN!F$2:G$151,2,0),"") -> 65 | K2: - | L2: Atendida | M2: 45487 | N2: Conforme | O2: ü | P2: 45500 | Q2: SUPERV1 | R2: BAJAS | S2: 45485 | T2: =IF(ISNUMBER(S2)=TRUE, MONTH(S2), " ") -> 7 | U2: =IF(ISNUMBER(M2)=TRUE, MONTH(M2), " ") -> 7 | V2: 942078232 | W2: H54092674 | X2: =IF(ISNUMBER(S2)=TRUE, YEAR(S2), " ") -> 2024 | Y2: =IF(ISNUMBER(M2)=TRUE, YEAR(M2), " ") -> 2024 | Z2: LAMBAYEQUE | AA2: F | AB2: CALL
A3: =A2+1 -> 2 | B3: 76047253 | C3: MARIA BETH LEON ROSALES | D3: 85397069 | E3: 72162975 | F3: MASIVO | G3: FTTH | H3: INTERNET 150MB | I3: =IFERROR(VLOOKUP(H3,OBSERVACIÓN!F$2:G$151,2,0),"") -> 65 | K3: - | L3: Atendida | M3: 45490 | N3: Conforme | O3: ü | P3: 45498 | Q3: SUPERV1 | R3: BAJAS | S3: 45489 | T3: =IF(ISNUMBER(S3)=TRUE, MONTH(S3), " ") -> 7 | U3: =IF(ISNUMBER(M3)=TRUE, MONTH(M3), " ") -> 7 | V3: 998043005 | W3: H54102710 | X3: =IF(ISNUMBER(S3)=TRUE, YEAR(S3), " ") -> 2024 | Y3: =IF(ISNUMBER(M3)=TRUE, YEAR(M3), " ") -> 2024 | Z3: ANCASH | AA3: F | AB3: CALL
A4: =A3+1 -> 3 | B4: 75126726 | C4: JOSEPH DANIEL RUIZ MADERO | D4: 85476765 | E4: 72203884 | F4: MASIVO | G4: FTTH | H4: 300 MB CLARO TV AVANZADO | I4: =IFERROR(VLOOKUP(H4,OBSERVACIÓN!F$2:G$151,2,0),"") -> 135 | K4: - | L4: Atendida | M4: 45495 | N4: Conforme | O4: ü | P4: 45531 | Q4: SUPERV1 | R4: BAJAS | S4: 45491 | T4: =IF(ISNUMBER(S4)=TRUE, MONTH(S4), " ") -> 7 | U4: =IF(ISNUMBER(M4)=TRUE, MONTH(M4), " ") -> 7 | V4: 991005090 | W4: H54114535 | X4: =IF(ISNUMBER(S4)=TRUE, YEAR(S4), " ") -> 2024 | Y4: =IF(ISNUMBER(M4)=TRUE, YEAR(M4), " ") -> 2024 | Z4: LAMBAYEQUE | AA4: F | AB4: CALL
A5: =A4+1 -> 4 | B5: 16754525 | C5: YENI MAGALI SIGUEÑAS BARBOZA | D5: 85469463 | E5: 72200816 | F5: MASIVO | G5: FTTH | H5: INTERNET 150MB | I5: =IFERROR(VLOOKUP(H5,OBSERVACIÓN!F$2:G$151,2,0),"") -> 65 | K5: - | L5: Atendida | M5: 45494 | N5: Conforme | O5: ü | Q5: SUPERV1 | R5: BAJAS | S5: 45492 | T5: =IF(ISNUMBER(S5)=TRUE, MONTH(S5), " ") -> 7 | U5: =IF(ISNUMBER(M5)=TRUE, MONTH(M5), " ") -> 7 | V5: 969916302 | W5: H54122149 | X5: =IF(ISNUMBER(S5)=TRUE, YEAR(S5), " ") -> 2024 | Y5: =IF(ISNUMBER(M5)=TRUE, YEAR(M5), " ") -> 2024 | Z5: LAMBAYEQUE | AA5: F | AB5: CALL
A6: =A5+1 -> 5 | B6: 72558453 | C6: CARLA GERALDIN MIO FASABI | D6: 85514423 | E6: 72222769 | F6: MASIVO | G6: HFC | H6: INTERNET 150MB | I6: =IFERROR(VLOOKUP(H6,OBSERVACIÓN!F$2:G$151,2,0),"") -> 65 | K6: - | L6: Atendida | M6: 45500 | N6: Conforme | O6: ü | P6: 45528 | Q6: SUPERV1 | R6: BAJAS | S6: 45493 | T6: =IF(ISNUMBER(S6)=TRUE, MONTH(S6), " ") -> 7 | U6: =IF(ISNUMBER(M6)=TRUE, MONTH(M6), " ") -> 7 | V6: 923495184 | W6: H54123687 | X6: =IF(ISNUMBER(S6)=TRUE, YEAR(S6), " ") -> 2024 | Y6: =IF(ISNUMBER(M6)=TRUE, YEAR(M6), " ") -> 2024 | Z6: LAMBAYEQUE | AA6: F | AB6: CALL
A7: =A6+1 -> 6 | B7: 70689403 | C7: DIANA CLAUDIA ZULOETA MENDOZA | D7: 85524326 | E7: 72227659 | F7: MASIVO | G7: FTTH | H7: INTERNET 150MB | I7: =IFERROR(VLOOKUP(H7,OBSERVACIÓN!F$2:G$151,2,0),"") -> 65 | K7: - | L7: Atendida | M7: 45500 | N7: Conforme | O7: ü | P7: 45530 | Q7: SUPERV1 | R7: BAJAS | S7: 45496 | T7: =IF(ISNUMBER(S7)=TRUE, MONTH(S7), " ") -> 7 | U7: =IF(ISNUMBER(M7)=TRUE, MONTH(M7), " ") -> 7 | V7: 988714135 | W7: H54136323 | X7: =IF(ISNUMBER(S7)=TRUE, YEAR(S7), " ") -> 2024 | Y7: =IF(ISNUMBER(M7)=TRUE, YEAR(M7), " ") -> 2024 | Z7: LAMBAYEQUE | AA7: M | AB7: CALL
A8: =A7+1 -> 7 | B8: 60986479 | C8: MARLON ISAAC LEYVA SILVA | D8: 85623883 | E8: 72255519 | F8: MASIVO | G8: FTTH | H8: INTERNET 150MB | I8: =IFERROR(VLOOKUP(H8,OBSERVACIÓN!F$2:G$151,2,0),"") -> 65 | K8: - | L8: Atendida | M8: 45498 | N8: Conforme | O8: ü | P8: 45507 | Q8: SUPERV1 | R8: BAJAS | S8: 45497 | T8: =IF(ISNUMBER(S8)=TRUE, MONTH(S8), " ") -> 7 | U8: =IF(ISNUMBER(M8)=TRUE, MONTH(M8), " ") -> 7 | V8: 997016943 | W8: H54144298 | X8: =IF(ISNUMBER(S8)=TRUE, YEAR(S8), " ") -> 2024 | Y8: =IF(ISNUMBER(M8)=TRUE, YEAR(M8), " ") -> 2024 | Z8: LAMBAYEQUE | AA8: M | AB8: CALL
A9: =A8+1 -> 8 | B9: 71500252 | C9: NICOLLE DEL ROSARIO CHIMOY MIO | D9: 85613761 | E9: 72253617 | F9: MASIVO | G9: FTTH | H9: INTERNET 150MB | I9: =IFERROR(VLOOKUP(H9,OBSERVACIÓN!F$2:G$151,2,0),"") -> 65 | K9: - | L9: Atendida | M9: 45498 | N9: Conforme | O9: ü | P9: 45505 | Q9: SUPERV1 | R9: BAJAS | S9: 45497 | T9: =IF(ISNUMBER(S9)=TRUE, MONTH(S9), " ") -> 7 | U9: =IF(ISNUMBER(M9)=TRUE, MONTH(M9), " ") -> 7 | V9: 979212381 | W9: H54139718 | X9: =IF(ISNUMBER(S9)=TRUE, YEAR(S9), " ") -> 2024 | Y9: =IF(ISNUMBER(M9)=TRUE, YEAR(M9), " ") -> 2024 | Z9: LAMBAYEQUE | AA9: M | AB9: CALL
A10: =A9+1 -> 9 | B10: 71054020 | C10: HUGO QUIÑONES MENDOZA | D10: 85608847 | E10: 72252719 | F10: MASIVO | G10: FTTH | H10: INTERNET 150MB | I10: =IFERROR(VLOOKUP(H10,OBSERVACIÓN!F$2:G$151,2,0),"") -> 65 | K10: - | L10: Atendida | M10: 45487 | N10: Conforme | O10: ü | P10: 45498 | Q10: SUPERV1 | R10: BAJAS | S10: 45500 | T10: =IF(ISNUMBER(S10)=TRUE, MONTH(S10), " ") -> 7 | U10: =IF(ISNUMBER(M10)=TRUE, MONTH(M10), " ") -> 7 | V10: 993853319 | W10: H54085634 | X10: =IF(ISNUMBER(S10)=TRUE, YEAR(S10), " ") -> 2024 | Y10: =IF(ISNUMBER(M10)=TRUE, YEAR(M10), " ") -> 2024 | Z10: LAMBAYEQUE | AA10: M | AB10: CALL
A11: =A10+1 -> 10 | B11: 80216626 | C11: EDWIN ALEJANDRO AURAZO HERNANDEZ | D11: 85657311 | E11: 72300889 | F11: MASIVO | G11: FTTH | H11: INTERNET 150MB | I11: =IFERROR(VLOOKUP(H11,OBSERVACIÓN!F$2:G$151,2,0),"") -> 65 | K11: - | L11: Atendida | M11: 45502 | N11: Conforme | O11: ü | P11: 45507 | Q11: SUPERV1 | R11: BAJAS | S11: 45500 | T11: =IF(ISNUMBER(S11)=TRUE, MONTH(S11), " ") -> 7 | U11: =IF(ISNUMBER(M11)=TRUE, MONTH(M11), " ") -> 7 | V11: 956612862 | W11: H54158898 | X11: =IF(ISNUMBER(S11)=TRUE, YEAR(S11), " ") -> 2024 | Y11: =IF(ISNUMBER(M11)=TRUE, YEAR(M11), " ") -> 2024 | Z11: LAMBAYEQUE | AA11: F | AB11: CALL

Sheet EJECUCION
B1: CLIENTE | C1: SOT | D1: DIA DE INSTALACION | E1: ASESOR | F1: FECHAVENTA | G1: DEPARTAMENTO | H1: MODALIDAD
A2: 44885022 | B2: NATALY PEREZ PAUCAR | C2: 84181823 | D2: 18/01/2026 AM1 | E2: Merlyn Bravo | F2: 46037 | G2: JUNIN | H2: CALL
A3: 25779443 | B3: MARIA DEL CARMEN MOGOLLON CHUMPITAZ | C3: 84288793 | D3: 21/01/2026 AM1 | E3: Hector Ordoñez | F3: 46042 | G3: CALLAO | H3: CALL
A4: 32121118 | B4: ANA MARIA MORENO ALEGRE | C4: 84296978 | D4: 24/01/2026 AM2 | E4: Jose Sanchez | F4: 46042 | G4: ANCASH | H4: CALL
A5: 22477027 | B5: BARDONIO LIVIA CORNE | C5: 84314000 | D5: 23/01/2026 PM2 | E5: Evelyn Effio | F5: 46043 | G5: LAMBAYEQUE | H5: CALL
A6: 77674451 | B6: ALONZO ROLANDO HUARCAYA NEYRA | C6: 84315966 | D6: 25/01/2026 PM2 | E6: Irving Cordova | F6: 46043 | G6: ICA | H6: CALL
A7: 81010256 | B7: YAMILA MARTHA ROJAS VALVERDE | C7: 84335673 | D7: 23/01/2026 AM2 | E7: Evelyn Effio | F7: 46044 | G7: LIMA | H7: CALL
A8: 44609204 | B8: LENNY PAOLA CHU PEZO | C8: 84335956 | D8: 29/01/2026 PM1 | E8: Nadia Muncibay | F8: 46044 | G8: SAN MARTIN | H8: CALL
A9: 72074469 | B9: BOCANGEL BELTRAN LESLY SERGIÑA | C9: 84336608 | D9: 22/01/2026 PM1 | E9: Jerson Becerra | F9: 46044 | G9: LIMA | H9: CALL
A10: 20559212700 | B10: GRUPO COINGCO S.A.C. | C10: 84101193 | D10: 25/01/2026 PM1 | E10: Evelyn Effio | F10: 46044 | G10: AREQUIPA | H10: CALL
A11: 41410739 | B11: MASHA ARAUJO LAGONES | C11: 84340833 | D11: 25/01/2026 PM1 | E11: Merlyn Bravo | F11: 46044 | G11: JUNIN | H11: CALL
A12: 17824052 | B12: JUAN OSWALDO ZAVALETA REYES | C12: 84345948 | D12: 25/01/2026 AM1 | E12: Luz Guevara | F12: 46044 | G12: LA LIBERTAD | H12: CALL
A13: 10004047503 | B13: QUIÑONES VALERIANA RUFINO | C13: 84366062 | D13: 24/01/2026 AM2 | E13: Irving Cordova | F13: 46045 | G13: TACNA | H13: CALL
... A23: 9518142 | B23: WILSON AGAPITO CHUQUIMUNI LUYO | C23: 84387851 | D23: 27/01/2026 AM1 | E23: Jeaneth Ventura | F23: 46046 | G23: LIMA | H23: CALL

Sheet VENTAS PERDIDAS
A1: ITEM | B1: DNI | C1: CLIENTE | D1: SEC | E1: SOT | F1: TEC. | G1: PLAN | H1: C.FIJO | I1: SCORE | J1: COMENT. | K1: ESTADO SOT | L1: FECH INST | M1: ESTADO AUDIO | N1: AUDIO | O1: SUBIDA | P1: SUPERVISOR | Q1: ASESOR | R1: FCH VENTA | S1: MES
A2: 1 | B2: 18106340 | C2: MARIA ALEJANDRINA PAZ ABANTO | D2: 85395370 | E2: 72162545 | J2: - | K2: Rechazada | P2: Lenin Chaname | Q2: Jennifer López | R2: 45489 | S2: =IF(ISNUMBER(R2)=TRUE, MONTH(R2), " ") -> 7
A3: =A2+1 -> 2 | B3: 2777326 | C3: BERTHA CHAVEZ SULLON | D3: 85461214 | E3: 72197811 | J3: - | K3: Rechazada | O3: 45491 | P3: Lenin Chaname | Q3: Flavia Zuloeta | R3: 45491 | S3: =IF(ISNUMBER(R3)=TRUE, MONTH(R3), " ") -> 7
A4: =A3+1 -> 3 | B4: 18024289 | C4: VICTOR ROMAN ESCOBAR LARRIVIERE | D4: 85427027 | E4: 72204545 | J4: - | K4: Rechazada | P4: Lenin Chaname | Q4: Yoselin Guevara | R4: 45491 | S4: =IF(ISNUMBER(R4)=TRUE, MONTH(R4), " ") -> 7
A5: =A4+1 -> 4 | B5: 72360534 | C5: KELLY IRINA CABRERA SANCHEZ | D5: 85657798 | E5: 72301284 | J5: - | K5: Rechazada | L5: 45500 | P5: Lenin Chaname | Q5: Yoselin Guevara | R5: 45497 | S5: =IF(ISNUMBER(R5)=TRUE, MONTH(R5), " ") -> 7
A6: =A5+1 -> 5 | B6: 76591146 | C6: JHEIMY DEL MILAGRO ROJAS GASTELO | D6: 85630585 | E6: 72280472 | J6: - | K6: Rechazada | L6: 45497 | P6: Lenin Chaname | Q6: Yoselin Guevara | R6: 45497 | S6: =IF(ISNUMBER(R6)=TRUE, MONTH(R6), " ") -> 7
A7: =A6+1 -> 6 | B7: 72594263 | C7: CAMILA YAMILEHT MENDOZA DELGADO | D7: 72319278 | E7: 72319278 | J7: - | K7: Rechazada | L7: 45501 | P7: Lenin Chaname | Q7: Andy Aurazo | R7: 45498 | S7: =IF(ISNUMBER(R7)=TRUE, MONTH(R7), " ") -> 7
A8: =A7+1 -> 7 | B8: 71577918 | C8: EXON AYMAR CRUZ ROMERO | D8: 85695905 | E8: 72335926 | J8: - | K8: Rechazada | L8: 45518 | P8: Lenin Chaname | Q8: Carla Mío | R8: 45499 | S8: =IF(ISNUMBER(R8)=TRUE, MONTH(R8), " ") -> 7
A9: =A8+1 -> 8 | B9: 76038577 | C9: CRISTOFERH PAUL SILVA ENRRIQUEZ | D9: 85728912 | E9: 72346961 | J9: - | K9: Rechazada | L9: 45507 | O9: 45500 | P9: Lenin Chaname | Q9: Yoselin Guevara | R9: 45500 | S9: =IF(ISNUMBER(R9)=TRUE, MONTH(R9), " ") -> 7
A10: =A9+1 -> 9 | B10: 75185359 | C10: JAKELINE STEFANY GALAN FIESTAS | D10: 85752986 | E10: 72352113 | J10: - | K10: Rechazada | L10: 45504 | O10: 45491 | P10: Lenin Chaname | Q10: Yoselin Guevara | R10: 45500 | S10: =IF(ISNUMBER(R10)=TRUE, MONTH(R10), " ") -> 7
A11: =A10+1 -> 10 | B11: 42609331 | C11: ROSA VICTORIA BALLENA GAMARRA | D11: 85753094 | E11: 72352153 | J11: - | K11: Rechazada | L11: 45506 | P11: Lenin Chaname | Q11: Yadira Vega | R11: 45500 | S11: =IF(ISNUMBER(R11)=TRUE, MONTH(R11), " ") -> 7
A12: =A11+1 -> 11 | B12: 75319248 | C12: ANDY JHAMIL AURAZO CARHUATANTA | D12: 85753237 | E12: 72352210 | J12: - | K12: Rechazada | L12: 45514 | P12: Lenin Chaname | Q12: Flavia Zuloeta | R12: 45500 | S12: =IF(ISNUMBER(R12)=TRUE, MONTH(R12), " ") -> 7
A13: =A12+1 -> 12 | B13: 77387732 | C13: ANGIE LUZ MENDOZA GUERRERO | D13: 85743426 | E13: 72349980 | J13: - | K13: Rechazada | L13: 45504 | P13: Lenin Chaname | Q13: Yoselin Guevara | R13: 45505 | S13: =IF(ISNUMBER(R13)=TRUE, MONTH(R13), " ") -> 8
A14: =A13+1 -> 13 | B14: 16452757 | C14: SEGUNDO MANUEL SALAZAR VERA | D14: 86014773 | E14: 72525363 | J14: - | K14: Rechazada | L14: 45538 | P14: Lenin Chaname | Q14: Yoselin Guevara | R14: 45506 | S14: =IF(ISNUMBER(R14)=TRUE, MONTH(R14), " ") -> 8
A15: =A14+1 -> 14 | B15: 32973347 | C15: JORGE LUIS NORIEGA VARGAS | D15: 86070850 | E15: 72602884 | J15: - | K15: Rechazada | P15: Lenin Chaname | Q15: Cynthia Puican | R15: 45512 | S15: =IF(ISNUMBER('BASE DE VENTAS'!#REF!)=TRUE, MONTH('BASE DE VENTAS'!#REF!), " ")
A16: =A15+1 -> 15 | B16: 72667624 | C16: JULIO CESAR LOZADA VEINTIMILLA | D16: 86197717 | E16: 72664479 | J16: - | K16: Rechazada | L16: 45517 | P16: Lenin Chaname | Q16: Carla Mío | R16: 45513 | S16: =IF(ISNUMBER(R16)=TRUE, MONTH(R16), " ") -> 8
A17: =A16+1 -> 16 | B17: 10436871801 | C17: CHANCAFE ÑIQUEN CESAR AUGUSTO | D17: 86161921 | E17: 72639632 | J17: - | K17: Rechazada | P17: Lenin Chaname | Q17: Yoselin Guevara | R17: 45513 | S17: =IF(ISNUMBER(R17)=TRUE, MONTH(R17), " ") -> 8
A18: =A17+1 -> 17 | B18: 247118 | C18: JORGE ENRIQUE ZAPATA DIOS | D18: 86101360 | E18: 72601683 | J18: - | K18: Rechazada | P18: Lenin Chaname | Q18: Andy Aurazo | R18: 45513 | S18: =IF(ISNUMBER(R18)=TRUE, MONTH(R18), " ") -> 8
A19: =A18+1 -> 18 | B19: 72793661 | C19: JEREMY YADIRA VEGA VASQUEZ | D19: 86124145 | E19: 72610949 | J19: - | K19: Rechazada | L19: 45523 | P19: Lenin Chaname | Q19: Andy Aurazo | R19: 45514 | S19: =IF(ISNUMBER(R19)=TRUE, MONTH(R19), " ") -> 8
A20: =A19+1 -> 19 | B20: 32957202 | C20: MARIA NIEVES SANCHEZ MEJIA | D20: 86130017 | E20: 72612141 | J20: - | K20: Rechazada | L20: 45515 | P20: Lenin Chaname | Q20: Yoselin Guevara | R20: 45514 | S20: =IF(ISNUMBER(R20)=TRUE, MONTH(R20), " ") -> 8
A21: =A20+1 -> 20 | B21: 72793661 | C21: JEREMY YADIRA VEGA VASQUEZ | D21: 85790512 | E21: 72381570 | J21: - | K21: Rechazada | L21: 45514 | P21: Lenin Chaname | Q21: Yadira Vega | R21: 45514 | S21: =IF(ISNUMBER(R21)=TRUE, MONTH(R21), " ") -> 8
A22: =A21+1 -> 21 | B22: 16591518 | C22: SUSANA ISMELDA GORDILLO PESCORAN | D22: 86126971 | E22: 72611484 | J22: - | K22: Rechazada | P22: Lenin Chaname | Q22: Cynthia Puican | R22: 45514 | S22: =IF(ISNUMBER(R22)=TRUE, MONTH(R22), " ") -> 8
A23: =A22+1 -> 22 | B23: 79052449 | C23: GUILLERMINA ANGELICA VILLALOBOS CASTILLO | D23: 86127823 | E23: 72611713 | J23: - | K23: Rechazada | P23: Lenin Chaname | Q23: Nicolle Chimoy | R23: 45514 | S23: =IF(ISNUMBER(R23)=TRUE, MONTH(R23), " ") -> 8
A24: =A23+1 -> 23 | B24: 16540323 | C24: ROSA YSABEL CHAMORRO ASCENCIO | D24: 86132435 | E24: 72612627 | J24: - | K24: Rechazada | P24: Lenin Chaname | Q24: Carla Mío | R24: 45514 | S24: =IF(ISNUMBER(R24)=TRUE, MONTH(R24), " ") -> 8
A25: =A24+1 -> 24 | B25: 10727936608 | C25: ANGIE LISETH VEGA VASQUEZ | D25: 86339316 | E25: 72750250 | J25: - | K25: Rechazada | P25: Lenin Chaname | Q25: Yadira Vega | R25: 45514 | S25: =IF(ISNUMBER(R25)=TRUE, MONTH(R25), " ") -> 8
A26: =A25+1 -> 25 | B26: 2694046 | C26: LUIS ALBERTO RISCO FERNANDEZ | D26: 86194074 | E26: 72652780 | J26: - | K26: Rechazada | L26: 45518 | P26: Lenin Chaname | Q26: Nicolle Chimoy | R26: 45516 | S26: =IF(ISNUMBER(R26)=TRUE, MONTH(R26), " ") -> 8
A27: =A26+1 -> 26 | B27: 76645091 | C27: CESAR JESUS BRIONES MILLONES | D27: 86199062 | E27: 72664864 | J27: - | K27: Rechazada | P27: Lenin Chaname | Q27: Andy Aurazo | R27: 45517 | S27: =IF(ISNUMBER(R27)=TRUE, MONTH(R27), " ") -> 8
A28: =A27+1 -> 27 | B28: 42348288 | C28: KELY YOHANA ZAMORA MEZA | D28: 86212166 | E28: 72699812 | J28: - | K28: Rechazada | P28: Lenin Chaname | Q28: Cynthia Puican | R28: 45517 | S28: =IF(ISNUMBER(R28)=TRUE, MONTH(R28), " ") -> 8
A29: =A28+1 -> 28 | B29: 16655405 | C29: MARIA GREGORIA MINO CARDENAS | D29: 86246961 | E29: 72698369 | J29: - | K29: Rechazada | P29: Lenin Chaname | Q29: Yoselin Guevara | R29: 45518 | S29: =IF(ISNUMBER(R29)=TRUE, MONTH(R29), " ") -> 8
A30: =A29+1 -> 29 | B30: 48674723 | C30: JHAIR EMANUEL LLONTOP RELUZ | D30: 86263698 | E30: 72711804 | J30: - | K30: Rechazada | L30: 45527 | P30: Lenin Chaname | Q30: Yoselin Guevara | R30: 45519 | S30: =IF(ISNUMBER(R30)=TRUE, MONTH(R30), " ") -> 8
A31: =A30+1 -> 30 | B31: 73468060 | C31: NATHALY DEL PILAR PEREZ ODAR | D31: 86320047 | E31: 72740833 | J31: - | K31: Rechazada | P31: Lenin Chaname | Q31: Andy Aurazo | R31: 45520 | S31: =IF(ISNUMBER(R31)=TRUE, MONTH(R31), " ") -> 8
A32: =A31+1 -> 31 | B32: 10628088 | C32: GIULIANA SILVIA GARCIA CORDOVA | D32: 86352945 | E32: 72775208 | J32: - | K32: Rechazada | P32: Lenin Chaname | Q32: Nicolle Chimoy | R32: 45521 | S32: =IF(ISNUMBER(R32)=TRUE, MONTH(R32), " ") -> 8
A33: =A32+1 -> 32 | B33: 42917972 | C33: RAUL SEGUNDO HERNANDEZ VASQUEZ | D33: 86437130 | E33: 72799560 | J33: - | K33: Rechazada | P33: Lenin Chaname | Q33: Nicolle Chimoy | R33: 45524 | S33: =IF(ISNUMBER(R33)=TRUE, MONTH(R33), " ") -> 8
A34: =A33+1 -> 33 | B34: 47798797 | C34: DEICY MARIBEL PORTALATINO MELENDEZ | D34: 86496976 | E34: 72902763 | J34: - | K34: Rechazada | P34: Lenin Chaname | Q34: Carla Mío | R34: 45526 | S34: =IF(ISNUMBER(R34)=TRUE, MONTH(R34), " ") -> 8
A35: =A34+1 -> 34 | B35: 20610823140 | C35: CALZADOS RB MODA BRASIL E.I.R.L. | D35: 86556759 | E35: 72916989 | J35: - | K35: Rechazada | P35: Lenin Chaname | Q35: Blanca Chapoñan | R35: 45528 | S35: =IF(ISNUMBER(R35)=TRUE, MONTH(R35), " ") -> 8
A36: =A35+1 -> 35 | B36: 42364277 | C36: ENRIQUE MALDONADO MENDOZA | D36: 86620179 | E36: 72951944 | J36: - | K36: Rechazada | L36: 45533 | P36: Lenin Chaname | Q36: Nicolle Chimoy | R36: 45530 | S36: =IF(ISNUMBER(R36)=TRUE, MONTH(R36), " ") -> 8
A37: =A36+1 -> 36 | B37: 46534586 | C37: DEIVIS DANIEL MANAYAY GALLO | D37: 86652573 | E37: 72979174 | J37: - | K37: Rechazada | P37: Lenin Chaname | Q37: Yoselin Guevara | R37: 45531 | S37: =IF(ISNUMBER(R37)=TRUE, MONTH(R37), " ") -> 8
A38: =A37+1 -> 37 | B38: 20602225021 | C38: GRUPO ATLAY PERU SAC | D38: 86636312 | E38: 72972995 | J38: - | K38: Rechazada | L38: 45533 | P38: Lenin Chaname | Q38: Cynthia Puican | R38: 45531 | S38: =IF(ISNUMBER(R38)=TRUE, MONTH(R38), " ") -> 8
A39: =A38+1 -> 38 | B39: 48019444 | C39: EDUARDO ROBERTO REYES ALARCON | D39: 86646564 | E39: 72976710 | J39: - | K39: Rechazada | P39: Lenin Chaname | Q39: Blanca Chapoñan | R39: 45531 | S39: =IF(ISNUMBER(R39)=TRUE, MONTH(R39), " ") -> 8
A40: =A39+1 -> 39 | B40: 16708381 | C40: PASCUALA MAS PUERTA VDA DE SOTERO | D40: 86682552 | E40: 73002342 | J40: - | K40: Rechazada | L40: 45533 | P40: Lenin Chaname | Q40: Ethel Quispe | R40: 45532 | S40: =IF(ISNUMBER(R40)=TRUE, MONTH(R40), " ") -> 8
A41: =A40+1 -> 40 | B41: 46076903 | C41: POOL GIANCARLO BRONCANO GONZALES | D41: 86711270 | J41: - | K41: Rechazada | P41: Lenin Chaname | Q41: Andy Aurazo | R41: 45533 | S41: =IF(ISNUMBER(R41)=TRUE, MONTH(R41), " ") -> 8
A42: =A41+1 -> 41 | B42: 76130694 | C42: LEONARDO YAIR GARCIA PULACHE | D42: 86886176 | E42: 73141278 | J42: - | K42: Rechazada | P42: Lenin Chaname | Q42: Yoselin Guevara | R42: 45533 | S42: =IF(ISNUMBER(R42)=TRUE, MONTH(R42), " ") -> 8
A43: =A42+1 -> 42 | B43: 73207334 | C43: YULISSA GASCO ROJAS | D43: 86837636 | E43: 73109936 | J43: - | K43: Rechazada | P43: Lenin Chaname | Q43: Carla Mío | R43: 45533 | S43: =IF(ISNUMBER(R43)=TRUE, MONTH(R43), " ") -> 8
A44: =A43+1 -> 43 | B44: 45042374 | C44: MISAEL CALEB PUICON PUSMA | D44: 86823619 | E44: 73101269 | J44: - | K44: Rechazada | P44: Lenin Chaname | Q44: Carla Mío | R44: 45537 | S44: =IF(ISNUMBER(R44)=TRUE, MONTH(R44), " ") -> 9
A45: =A44+1 -> 44 | B45: 46310553 | C45: DANTY JAVIER MORALES SILOPU | D45: 86817139 | E45: 73085584 | J45: - | K45: Rechazada | P45: Lenin Chaname | Q45: Yoselin Guevara | R45: 45537 | S45: =IF(ISNUMBER(R45)=TRUE, MONTH(R45), " ") -> 9
A46: =A45+1 -> 45 | B46: 42787472 | C46: AIDEE CRISTINA PEREZ CRUZ | D46: 86868602 | E46: 73127416 | J46: - | K46: Rechazada | P46: Lenin Chaname | Q46: Yoselin Guevara | R46: 45539 | S46: =IF(ISNUMBER(R46)=TRUE, MONTH(R46), " ") -> 9
A47: =A46+1 -> 46 | B47: 74587225 | C47: DIANA CRISTINA RUIZ SANCHEZ | D47: 86855658 | E47: 73123122 | J47: - | K47: Rechazada | P47: Lenin Chaname | Q47: Carla Mío | R47: 45539 | S47: =IF(ISNUMBER(R47)=TRUE, MONTH(R47), " ") -> 9
A48: =A47+1 -> 47 | B48: 9670792 | C48: EDER ALEXANDER PADILLA AVALOS | D48: 86871244 | E48: 73128213 | J48: - | K48: Rechazada | P48: Lenin Chaname | Q48: Cynthia Puican | R48: 45539 | S48: =IF(ISNUMBER(R48)=TRUE, MONTH(R48), " ") -> 9
A49: =A48+1 -> 48 | B49: 73304094 | C49: JESUS EDWIN MAMANI ORTIGOZO | D49: 86942505 | E49: 73169689 | J49: - | K49: Rechazada | P49: Lenin Chaname | Q49: Andy Aurazo | R49: 45541 | S49: =IF(ISNUMBER(R49)=TRUE, MONTH(R49), " ") -> 9
A50: =A49+1 -> 49 | B50: 76203830 | C50: MARICELA KATLERIN DE LA CRUZ TUCTO | D50: 87000397 | E50: 73208358 | J50: - | K50: Rechazada | P50: Lenin Chaname | Q50: Andy Aurazo | R50: 45541 | S50: =IF(ISNUMBER(R50)=TRUE, MONTH(R50), " ") -> 9
A51: =A50+1 -> 50 | B51: 71847067 | C51: ROMARIO ALBERTO BALDARRAGO PILCO | D51: 86936288 | E51: 73167938 | J51: - | K51: Rechazada | P51: Lenin Chaname | Q51: Ethel Quispe | R51: 45541 | S51: =IF(ISNUMBER(R51)=TRUE, MONTH(R51), " ") -> 9
A52: =A51+1 -> 51 | B52: 72327274 | C52: DANIEL ROBERTO MEDINA PARIONA | D52: 87071596 | E52: 73257421 | J52: - | K52: Rechazada | P52: Lenin Chaname | Q52: Cynthia Puican | R52: 45541 | S52: =IF(ISNUMBER(R52)=TRUE, MONTH(R52), " ") -> 9
A53: =A52+1 -> 52 | B53: 9383632 | C53: FERNANDO MARTIN MANDROS OLARTE | D53: 87007075 | E53: 73211803 | J53: - | K53: Rechazada | P53: Lenin Chaname | Q53: Nicolle Chimoy | R53: 45544 | S53: =IF(ISNUMBER(R53)=TRUE, MONTH(R53), " ") -> 9
... A75: =A74+1 -> 74 | B75: 44256585 | C75: JOSE MARTIN DEL AGUILA PEREZ | D75: 87494951 | E75: 73507694 | J75: - | K75: Rechazada | P75: Lenin Chaname | Q75: Elizabeth Chapoñan | R75: 45560 | S75: =IF(ISNUMBER(R75)=TRUE, MONTH(R75), " ") -> 9
A76: =A75+1 -> 75 | B76: 45923334 | C76: EDWIN VASQUEZ PALOMINO | D76: 87081484 | E76: 73556828 | J76: - | K76: Rechazada | P76: Lenin Chaname | R76: 45560 | S76: =IF(ISNUMBER(R76)=TRUE, MONTH(R76), " ") -> 9
A77: =A76+1 -> 76 | B77: 32790393 | C77: ROSAS MIGUEL GUEVARA GUITIERREZ | D77: 87592242 | E77: 73565760 | J77: - | K77: Rechazada | P77: Lenin Chaname | Q77: Andy Aurazo | R77: 45563 | S77: =IF(ISNUMBER(R77)=TRUE, MONTH(R77), " ") -> 9
A78: =A77+1 -> 77 | B78: 80174641 | C78: ELOY RONAL TINTAYA VILLALBA | D78: 87583813 | E78: 73564135 | J78: - | K78: Rechazada | P78: Lenin Chaname | Q78: Nicolle Chimoy | R78: 45563 | S78: =IF(ISNUMBER(R78)=TRUE, MONTH(R78), " ") -> 9
A79: =A78+1 -> 78 | B79: 22521733 | C79: CESAR AUGUSTO RAMIREZ TRUJILLO | D79: 87597409 | E79: 73566968 | J79: - | K79: Rechazada | P79: Lenin Chaname | Q79: Cynthia Puican | R79: 45565 | S79: =IF(ISNUMBER(R79)=TRUE, MONTH(R79), " ") -> 9
A80: =A79+1 -> 79 | B80: 9402296 | C80: FRANCISCO GRACIANO NATIVIDAD MINAYA | D80: 87676758 | E80: 73632542 | J80: - | K80: Rechazada | P80: Lenin Chaname | Q80: Elizabeth Chapoñan | R80: 45566 | S80: =IF(ISNUMBER(R80)=TRUE, MONTH(R80), " ") -> 10
A81: =A80+1 -> 80 | B81: 75691231 | C81: AMER CHRISTIANS URUCHI MAMANI | D81: 87717516 | E81: 73655959 | J81: - | K81: Rechazada | P81: Lenin Chaname | Q81: Andy Aurazo | R81: 45567 | S81: =IF(ISNUMBER(R81)=TRUE, MONTH(R81), " ") -> 10
A82: =A81+1 -> 81 | B82: 48410046 | C82: ITALY TORRE SANTA CRUZ | D82: 87738341 | E82: 73669676 | J82: - | K82: Rechazada | P82: Lenin Chaname | Q82: NIcolle Chimoy | R82: 45568 | S82: =IF(ISNUMBER(R82)=TRUE, MONTH(R82), " ") -> 10
A83: =A82+1 -> 82 | B83: 72210066 | C83: BRANDO LEE CAMPOS RUJEL | D83: 87769053 | E83: 73697974 | J83: - | K83: Rechazada | P83: Lenin Chaname | Q83: Andy Aurazo | R83: 45569 | S83: =IF(ISNUMBER(R83)=TRUE, MONTH(R83), " ") -> 10
A84: =A83+1 -> 83 | B84: 71887663 | C84: JUAN CARLOS VALENCIA LOPEZ | D84: 87815539 | E84: 73717160 | J84: - | K84: Rechazada | P84: Lenin Chaname | Q84: Cynthia Puican | R84: 45571 | S84: =IF(ISNUMBER(R84)=TRUE, MONTH(R84), " ") -> 10
A85: =A84+1 -> 84 | B85: 40713584 | C85: SHERIDAN GREY ANGELES ARROYO | D85: 87854409 | E85: 73728790 | J85: - | K85: Rechazada | P85: Lenin Chaname | Q85: NIcolle Chimoy | R85: 45572 | S85: =IF(ISNUMBER(R85)=TRUE, MONTH(R85), " ") -> 10
A86: =A85+1 -> 85 | B86: 7125846 | C86: INES PATRICIA AGUAYO GONZÁLES | D86: 87872181 | E86: 73768090 | J86: - | K86: Rechazada | P86: Lenin Chaname | Q86: Andy Aurazo | R86: 45573 | S86: =IF(ISNUMBER(R86)=TRUE, MONTH(R86), " ") -> 10
A87: =A86+1 -> 86 | B87: 75821562 | C87: ALEXANDRA LESSLY HUAMAN TIMANA | D87: 87907803 | E87: 73772598 | J87: - | K87: Rechazada | P87: Lenin Chaname | Q87: Ricardo Banda | R87: 45574 | S87: =IF(ISNUMBER(R87)=TRUE, MONTH(R87), " ") -> 10
A88: =A87+1 -> 87 | B88: 76391534 | C88: ANTHONY JAIR PEZO LARREA | D88: 87937617 | E88: 73789354 | J88: - | K88: Rechazada | P88: Lenin Chaname | Q88: Carla Mío | R88: 45575 | S88: =IF(ISNUMBER(R88)=TRUE, MONTH(R88), " ") -> 10
... A92: =A91+1 -> 91 | B92: 10058772 | C92: CESAR ALFONSO ALVA FALCON | D92: 88273561 | E92: 73997121 | J92: - | K92: Rechazada | P92: Yadira Vega | Q92: Cynthia Puican | R92: 45576 | S92: =IF(ISNUMBER(R92)=TRUE, MONTH(R92), " ") -> 10
A93: =A92+1 -> 92 | B93: 10058772-1 | C93: CESAR ALFONSO ALVA FALCON | D93: 88174697 | E93: SOT | J93: - | K93: Rechazada | P93: Yadira Vega | Q93: Cynthia Puican | R93: 45576 | S93: =IF(ISNUMBER(R93)=TRUE, MONTH(R93), " ") -> 10
A94: =A93+1 -> 93 | B94: 80346679 | C94: RAUL VASQUEZ TORREZ | D94: 88044483 | E94: SOT | J94: - | K94: Rechazada | P94: Lenin Chaname | Q94: Nicolle Chimoy | R94: 45579 | S94: =IF(ISNUMBER(R94)=TRUE, MONTH(R94), " ") -> 10
A95: =A94+1 -> 94 | B95: 28591810 | C95: TIMOTEO HUAMAN CCOCHACHI | D95: 88042240 | E95: 73890300 | J95: - | K95: Rechazada | P95: Lenin Chaname | Q95: Andy Aurazo | R95: 45579 | S95: =IF(ISNUMBER(R95)=TRUE, MONTH(R95), " ") -> 10
A96: =A95+1 -> 95 | B96: 33560695 | C96: MARIA TORRES UGAZ | D96: 88119404 | E96: 73894934 | J96: - | K96: Rechazada | P96: Lenin Chaname | Q96: Nicolle Chimoy | R96: 45579 | S96: =IF(ISNUMBER(R96)=TRUE, MONTH(R96), " ") -> 10
A97: =A96+1 -> 96 | B97: 73416478 | C97: MARIO FERNANDO LLANOS ROJAS | D97: 88072408 | E97: 73869167 | J97: - | K97: Rechazada | P97: Lenin Chaname | Q97: Andy Aurazo | R97: 45580 | S97: =IF(ISNUMBER(R97)=TRUE, MONTH(R97), " ") -> 10
A98: =A97+1 -> 97 | B98: 74066484 | C98: RICARDO ESTEVAN BANDA HUAMAN | D98: 88081780 | E98: 73871748 | J98: - | K98: Rechazada | P98: Lenin Chaname | Q98: Ricardo Banda | R98: 45580 | S98: =IF(ISNUMBER(R98)=TRUE, MONTH(R98), " ") -> 10
A99: =A98+1 -> 98 | B99: 45727422 | C99: JONATHAN PARI HANCO | D99: 88075770 | E99: 73870011 | J99: - | K99: Rechazada | P99: Lenin Chaname | Q99: Carla Mío | R99: 45580 | S99: =IF(ISNUMBER(R99)=TRUE, MONTH(R99), " ") -> 10
A100: =A99+1 -> 99 | B100: 47341597 | C100: LISHA CAROLINA PALMA TALAVERA | D100: 88061272 | E100: 73908717 | J100: - | K100: Rechazada | P100: Lenin Chaname | Q100: Andy Aurazo | R100: 45580 | S100: =IF(ISNUMBER(R100)=TRUE, MONTH(R100), " ") -> 10
A101: =A100+1 -> 100 | B101: 9127253 | C101: ANTONIO LUIS PIMENTEL Y FLORES | D101: 88099714 | E101: 73887453 | J101: - | K101: Rechazada | P101: Lenin Chaname | Q101: Cynthia Puican | R101: 45581 | S101: =IF(ISNUMBER(R101)=TRUE, MONTH(R101), " ") -> 10
A102: =A101+1 -> 101 | B102: 6452551 | C102: HERMES SEGUNDO FELIX PEREDA | D102: 88114707 | E102: 73892415 | J102: - | K102: Rechazada | P102: Lenin Chaname | Q102: Andy Aurazo | R102: 45581 | S102: =IF(ISNUMBER(R102)=TRUE, MONTH(R102), " ") -> 10
A103: =A102+1 -> 102 | B103: 16626977 | C103: COLUNCHE IDROGO SANTOS ANIBAL | D103: 88136933 | E103: 73906469 | J103: - | K103: Rechazada | P103: Lenin Chaname | R103: 45582 | S103: =IF(ISNUMBER(R103)=TRUE, MONTH(R103), " ") -> 10
A104: =A103+1 -> 103 | B104: 44858145 | C104: CARMEN ROSA INGA ESPINOZA | D104: 88140577 | E104: 73908209 | J104: - | K104: Rechazada | P104: Lenin Chaname | R104: 45582 | S104: =IF(ISNUMBER(R104)=TRUE, MONTH(R104), " ") -> 10
A105: =A104+1 -> 104 | B105: 70506371 | C105: YESSENIA STEFANIE CONDOR ROBLES | D105: 88173221 | E105: 73932965 | J105: - | K105: Rechazada | P105: Lenin Chaname | Q105: Andy Aurazo | R105: 45583 | S105: =IF(ISNUMBER(R105)=TRUE, MONTH(R105), " ") -> 10
A106: =A105+1 -> 105 | B106: 2416004 | C106: BRUNA ADELMA JARA IDME | D106: 88191125 | E106: 73967736 | J106: - | K106: Rechazada | P106: Lenin Chaname | Q106: Carla Mío | R106: 45584 | S106: =IF(ISNUMBER(R106)=TRUE, MONTH(R106), " ") -> 10
A107: =A106+1 -> 106 | B107: 21520505 | C107: NORMA ROGELIA OLAECHEA SIGUAS | D107: 88198512 | E107: 73942920 | J107: - | K107: Rechazada | P107: Lenin Chaname | Q107: Nicolle Chimoy | R107: 45584 | S107: =IF(ISNUMBER(R107)=TRUE, MONTH(R107), " ") -> 10
A108: =A107+1 -> 107 | B108: 2146108 | C108: ANDRES ZEVALLOS APAZA | D108: 88431962 | E108: 74109655 | J108: - | K108: Rechazada | L108: NO DESEA | P108: Yadira Vega | Q108: Andy Aurazo | R108: 45584 | S108: =IF(ISNUMBER(R108)=TRUE, MONTH(R108), " ") -> 10
A109: =A108+1 -> 108 | B109: 45251715 | C109: ALQUIS ALDINO SERIN LAGUNA | D109: 88247184 | E109: 74028242 | J109: - | K109: Rechazada | P109: Lenin Chaname | Q109: Elizabeth Chapoñan | R109: 45586 | S109: =IF(ISNUMBER(R109)=TRUE, MONTH(R109), " ") -> 10
A110: =A109+1 -> 109 | B110: 25710221 | C110: AMALIA ISABEL INGA FLORES | D110: 88508157 | E110: 74161407 | J110: - | K110: Rechazada | L110: NO DESEA | P110: Yadira Vega | Q110: Cynthia Puican | R110: 45586 | S110: =IF(ISNUMBER(R110)=TRUE, MONTH(R110), " ") -> 10
A111: =A110+1 -> 110 | B111: 41455768 | C111: RODRIGO TOLMOS BUSTAMANTE | D111: 88266918 | E111: SOT 11:30 | J111: - | K111: Rechazada | P111: Lenin Chaname | Q111: Elizabeth Chapoñan | R111: 45587 | S111: =IF(ISNUMBER(R111)=TRUE, MONTH(R111), " ") -> 10
A112: =A111+1 -> 111 | B112: 46001816 | C112: SHIRLEY BECERRA MIRANDA | D112: 88283918 | E112: SOT 6:35 | J112: - | K112: Rechazada | L112: FT. MESA | P112: Lenin Chaname | Q112: Cynthia Puican | R112: 45587 | S112: =IF(ISNUMBER(R112)=TRUE, MONTH(R112), " ") -> 10
A113: =A112+1 -> 112 | B113: 10095750 | C113: MAGALLY IRIS MORENO HUERTA | D113: 88278393 | E113: 74048504 | J113: - | K113: Rechazada | P113: Lenin Chaname | Q113: Ricardo Banda | R113: 45587 | S113: =IF(ISNUMBER(R113)=TRUE, MONTH(R113), " ") -> 10
A114: =A113+1 -> 113 | B114: 74938811 | C114: EDGAR ENRIQUE CHAVEZ MOZO | D114: 88311480 | E114: 74028612 | J114: - | K114: Rechazada | P114: Lenin Chaname | Q114: Carla Mío | R114: 45588 | S114: =IF(ISNUMBER(R114)=TRUE, MONTH(R114), " ") -> 10
A115: =A114+1 -> 114 | B115: 80625301 | C115: MARTIN MARIO FLORES RAMOS | D115: 88338857 | E115: 74048330 | J115: - | K115: Rechazada | P115: Yadira Vega | Q115: Carla Mío | R115: 45588 | S115: =IF(ISNUMBER(R115)=TRUE, MONTH(R115), " ") -> 10
A116: =A115+1 -> 115 | B116: 76616415 | C116: SANDRA PANCCA QUISPE | D116: 88428066 | E116: 74108146 | J116: - | K116: Rechazada | L116: FALTA DE CONTACTO | P116: Yadira Vega | Q116: Andy Aurazo | R116: 45588 | S116: =IF(ISNUMBER(R116)=TRUE, MONTH(R116), " ") -> 10
A117: =A116+1 -> 116 | B117: 74066484 | C117: RICARDO ESTEVAN BANDA HUAMAN | D117: 88355939 | E117: 74063245 | J117: - | K117: Rechazada | P117: Yadira Vega | Q117: Ricardo Banda | R117: 45590 | S117: =IF(ISNUMBER(R117)=TRUE, MONTH(R117), " ") -> 10
A118: =A117+1 -> 117 | B118: 10159694360 | C118: GUSTAVO BENITO DE LA CRUZ VILCA | D118: 88429451 | E118: 74108688 | J118: - | K118: Rechazada | P118: Yadira Vega | Q118: Ricardo Banda | R118: 45591 | S118: =IF(ISNUMBER(R118)=TRUE, MONTH(R118), " ") -> 10
A119: =A118+1 -> 118 | B119: 80053148 | C119: JUVENAL COLQUE CAYRO | D119: 88403387 | E119: 74083293 | J119: - | K119: Rechazada | L119: FT. MESA | P119: Yadira Vega | Q119: Ricardo Banda | R119: 45591 | S119: =IF(ISNUMBER(R119)=TRUE, MONTH(R119), " ") -> 10
A120: =A119+1 -> 119 | B120: 46310675 | C120: VERONICA LISET PINEDO BRIONES | D120: 88405084 | E120: 74083540 | J120: - | K120: Rechazada | P120: Yadira Vega | Q120: Elizabeth Chapoñan | R120: 45591 | S120: =IF(ISNUMBER(R120)=TRUE, MONTH(R120), " ") -> 10
A121: =A120+1 -> 120 | B121: 10434301578 | C121: SHEYLA NAIROBY BACA DEL AGUILA | D121: 88436150 | E121: 74111230 | J121: - | K121: Rechazada | P121: Yadira Vega | Q121: Cynthia Puican | R121: 45593 | S121: =IF(ISNUMBER(R121)=TRUE, MONTH(R121), " ") -> 10
A122: =A121+1 -> 121 | B122: 43563616 | C122: MARILU GARAY SOBERON | D122: 88440056 | E122: 74113239 | J122: - | K122: Rechazada | L122: NO DESEA | P122: Yadira Vega | Q122: Ricardo Banda | R122: 45593 | S122: =IF(ISNUMBER(R122)=TRUE, MONTH(R122), " ") -> 10
A123: =A122+1 -> 122 | B123: 22521733 | C123: CESAR AUGUSTO RAMIREZ TRUJILLO | D123: 88437798 | E123: 74112313 | J123: - | K123: Rechazada | L123: FT. CAMPO | P123: Yadira Vega | Q123: Cynthia Puican | R123: 45593 | S123: =IF(ISNUMBER(R123)=TRUE, MONTH(R123), " ") -> 10
A124: =A123+1 -> 123 | B124: 70239022 | C124: LENIN OSCAR CALSINA CONDORI | D124: 88466419 | E124: 74132902 | J124: - | K124: Rechazada | L124: F.T CAMPO | P124: Yadira Vega | Q124: Nicolle Chimoy | R124: 45594 | S124: =IF(ISNUMBER(R124)=TRUE, MONTH(R124), " ") -> 10
...
